{
  "iteration_1": {
    "version": "v4.4-enhanced",
    "total_games": 1000,
    "team_win_rate": 94.19999999999999,
    "avg_calamity": 3.558,
    "avg_saved": 7.908,
    "role_win_rates": {
      "农夫": 59.34182590233546,
      "商人": 16.666666666666664,
      "僧侣": 14.437367303609342,
      "学者": 9.554140127388536
    },
    "role_avg_scores": {
      "僧侣": 62.356,
      "学者": 63.433,
      "商人": 66.866,
      "农夫": 75.507
    },
    "faith_win_rates": {
      "小乘": 33.97027600849257,
      "大乘": 40.976645435244166,
      "不皈依": 25.05307855626327
    },
    "faith_avg_scores": {
      "小乘": 66.62538699690403,
      "大乘": 68.01054339010544,
      "不皈依": 66.58420138888889
    },
    "vow_success_rates": {
      "阿罗汉果": 28.599999999999998,
      "万世师表": 17.254901960784313,
      "大商人之心": 28.654970760233915,
      "贫女一灯": 88.93203883495146,
      "勤劳致福": 100.0,
      "传道授业": 55.91836734693878,
      "菩萨道": 32.0,
      "财施功德": 81.51950718685832
    },
    "vow_avg_final_values": {
      "阿罗汉果": 19.282,
      "万世师表": 18.86470588235294,
      "贫女一灯": 28.712621359223302,
      "勤劳致福": 28.542268041237115,
      "传道授业": 19.02857142857143
    },
    "role_fu_sources": {
      "僧侣": {
        "vow": 3.0,
        "donate": 8.939,
        "save": 7.145,
        "events": 4.357,
        "count": 1000
      },
      "学者": {
        "vow": 0.0,
        "donate": 9.843,
        "save": 7.308,
        "events": 4.41,
        "count": 1000
      },
      "商人": {
        "vow": 0.0,
        "donate": 16.56,
        "save": 4.732,
        "events": 4.408,
        "count": 1000
      },
      "农夫": {
        "vow": 6.0,
        "donate": 11.29,
        "save": 5.145,
        "events": 4.34,
        "count": 1000
      }
    },
    "role_hui_sources": {
      "僧侣": {
        "practice": 3.082,
        "vow": 3.0,
        "events": 2.506,
        "count": 1000
      },
      "学者": {
        "practice": 4.077,
        "vow": 6.0,
        "events": 2.457,
        "count": 1000
      },
      "商人": {
        "practice": 6.315,
        "vow": 3.078,
        "events": 2.47,
        "count": 1000
      },
      "农夫": {
        "practice": 5.246,
        "vow": 0.0,
        "events": 2.518,
        "count": 1000
      }
    },
    "role_wealth_sources": {
      "僧侣": {
        "labor": 14.982,
        "events": 2.179,
        "count": 1000
      },
      "学者": {
        "labor": 14.171,
        "events": 2.215,
        "count": 1000
      },
      "商人": {
        "labor": 8.327,
        "events": 2.179,
        "count": 1000
      },
      "农夫": {
        "labor": 14.061,
        "events": 2.241,
        "count": 1000
      }
    },
    "event_stats": {
      "disaster_count": 2.409,
      "misfortune_count": 1.142,
      "blessing_count": 2.449,
      "timeout_count": 0.092,
      "total_calamity_added": 20.356,
      "total_calamity_reduced": 16.798
    }
  },
  "iteration_2": {
    "version": "v4.4-enhanced",
    "total_games": 1000,
    "team_win_rate": 93.5,
    "avg_calamity": 3.463,
    "avg_saved": 7.909,
    "role_win_rates": {
      "商人": 17.860962566844922,
      "农夫": 56.0427807486631,
      "僧侣": 16.25668449197861,
      "学者": 9.83957219251337
    },
    "role_avg_scores": {
      "学者": 63.162,
      "农夫": 73.246,
      "僧侣": 61.694,
      "商人": 66.226
    },
    "faith_win_rates": {
      "大乘": 39.57219251336899,
      "不皈依": 24.27807486631016,
      "小乘": 36.149732620320854
    },
    "faith_avg_scores": {
      "不皈依": 65.60521739130435,
      "小乘": 66.07089552238806,
      "大乘": 66.53784219001611
    },
    "vow_success_rates": {
      "传道授业": 57.95918367346938,
      "贫女一灯": 76.50727650727652,
      "阿罗汉果": 30.518234165067177,
      "财施功德": 80.32454361054768,
      "大商人之心": 27.810650887573964,
      "菩萨道": 31.524008350730686,
      "勤劳致福": 98.65125240847784,
      "万世师表": 19.411764705882355
    },
    "vow_avg_final_values": {
      "传道授业": 19.13061224489796,
      "贫女一灯": 28.563409563409564,
      "阿罗汉果": 19.18809980806142,
      "勤劳致福": 28.1888246628131,
      "万世师表": 18.788235294117648
    },
    "role_fu_sources": {
      "学者": {
        "vow": 0.0,
        "donate": 10.254,
        "save": 6.937,
        "events": 4.409,
        "count": 1000
      },
      "农夫": {
        "vow": 6.0,
        "donate": 10.932,
        "save": 5.28,
        "events": 4.337,
        "count": 1000
      },
      "僧侣": {
        "vow": 2.874,
        "donate": 8.842,
        "save": 7.432,
        "events": 4.299,
        "count": 1000
      },
      "商人": {
        "vow": 0.0,
        "donate": 16.336,
        "save": 4.756,
        "events": 4.342,
        "count": 1000
      }
    },
    "role_hui_sources": {
      "学者": {
        "practice": 4.11,
        "vow": 6.0,
        "events": 2.512,
        "count": 1000
      },
      "农夫": {
        "practice": 5.469,
        "vow": 0.0,
        "events": 2.491,
        "count": 1000
      },
      "僧侣": {
        "practice": 2.979,
        "vow": 3.126,
        "events": 2.524,
        "count": 1000
      },
      "商人": {
        "practice": 6.582,
        "vow": 3.042,
        "events": 2.498,
        "count": 1000
      }
    },
    "role_wealth_sources": {
      "学者": {
        "labor": 14.174,
        "events": 2.192,
        "count": 1000
      },
      "农夫": {
        "labor": 13.806,
        "events": 2.226,
        "count": 1000
      },
      "僧侣": {
        "labor": 14.973,
        "events": 2.221,
        "count": 1000
      },
      "商人": {
        "labor": 8.112,
        "events": 2.181,
        "count": 1000
      }
    },
    "event_stats": {
      "disaster_count": 2.354,
      "misfortune_count": 1.225,
      "blessing_count": 2.421,
      "timeout_count": 0.088,
      "total_calamity_added": 20.288,
      "total_calamity_reduced": 16.825
    }
  },
  "iteration_3": {
    "version": "v4.4-enhanced",
    "total_games": 1000,
    "team_win_rate": 94.0,
    "avg_calamity": 3.618,
    "avg_saved": 7.902,
    "role_win_rates": {
      "学者": 19.361702127659576,
      "农夫": 48.61702127659574,
      "商人": 16.70212765957447,
      "僧侣": 15.319148936170212
    },
    "role_avg_scores": {
      "农夫": 73.35,
      "商人": 66.77,
      "僧侣": 62.372,
      "学者": 67.837
    },
    "faith_win_rates": {
      "大乘": 43.40425531914894,
      "小乘": 33.191489361702125,
      "不皈依": 23.404255319148938
    },
    "faith_avg_scores": {
      "不皈依": 66.29975227085053,
      "大乘": 69.50202101859337,
      "小乘": 67.0528350515464
    },
    "vow_success_rates": {
      "贫女一灯": 72.22222222222221,
      "大商人之心": 26.91552062868369,
      "阿罗汉果": 33.61522198731501,
      "万世师表": 57.95677799607073,
      "财施功德": 80.85539714867616,
      "勤劳致福": 98.19004524886877,
      "菩萨道": 31.87855787476281,
      "传道授业": 58.65580448065173
    },
    "vow_avg_final_values": {
      "贫女一灯": 28.43010752688172,
      "阿罗汉果": 19.517970401691333,
      "万世师表": 19.44400785854617,
      "勤劳致福": 28.52262443438914,
      "传道授业": 19.014256619144604
    },
    "role_fu_sources": {
      "农夫": {
        "vow": 6.0,
        "donate": 10.951,
        "save": 5.19,
        "events": 4.463,
        "count": 1000
      },
      "商人": {
        "vow": 0.0,
        "donate": 16.179,
        "save": 4.745,
        "events": 4.418,
        "count": 1000
      },
      "僧侣": {
        "vow": 3.162,
        "donate": 8.755,
        "save": 7.668,
        "events": 4.322,
        "count": 1000
      },
      "学者": {
        "vow": 0.0,
        "donate": 10.42,
        "save": 6.634,
        "events": 4.286,
        "count": 1000
      }
    },
    "role_hui_sources": {
      "农夫": {
        "practice": 5.468,
        "vow": 0.0,
        "events": 2.594,
        "count": 1000
      },
      "商人": {
        "practice": 6.546,
        "vow": 3.054,
        "events": 2.518,
        "count": 1000
      },
      "僧侣": {
        "practice": 2.99,
        "vow": 2.838,
        "events": 2.533,
        "count": 1000
      },
      "学者": {
        "practice": 4.331,
        "vow": 6.0,