{
  "4p": {
    "balance_score": 4.01,
    "path_win_rates": {
      "土地道": 24.97,
      "福田道": 27.2,
      "布施道": 30.82,
      "文化道": 17.01
    },
    "early_victory_rate": 67.82852564102564,
    "ascension_rates": {
      "土地道": 72.97,
      "福田道": 73.03,
      "布施道": 60.0,
      "文化道": 77.35
    }
  },
  "5p": {
    "balance_score": 9.11,
    "path_win_rates": {
      "土地道": 24.76,
      "勤劳道": 14.03,
      "福田道": 4.54,
      "文化道": 18.65,
      "布施道": 38.02
    },
    "early_victory_rate": 53.65461847389559,
    "ascension_rates": {
      "土地道": 74.86,
      "勤劳道": 71.43,
      "福田道": 73.22,
      "文化道": 78.26,
      "布施道": 65.03
    }
  },
  "6p": {
    "balance_score": 7.64,
    "path_win_rates": {
      "布施道": 36.2,
      "土地道": 17.23,
      "文化道": 13.65,
      "福田道": 2.69,
      "渡化道": 19.48,
      "勤劳道": 10.75
    },
    "early_victory_rate": 64.22008547008548,
    "ascension_rates": {
      "布施道": 63.71,
      "土地道": 74.95,
      "文化道": 74.48,
      "福田道": 71.4,
      "渡化道": 86.72,
      "勤劳道": 70.34
    }
  }
}