{
  "4p": {
    "balance_score": 7.59,
    "path_win_rates": {
      "土地道": 14.84,
      "布施道": 33.65,
      "福田道": 31.53,
      "文化道": 19.97
    },
    "early_victory_rate": 67.01722756410257,
    "underdog_rate": 12.690304487179487
  },
  "5p": {
    "balance_score": 7.61,
    "path_win_rates": {
      "土地道": 12.92,
      "勤劳道": 20.27,
      "文化道": 19.96,
      "布施道": 38.76,
      "福田道": 8.09
    },
    "early_victory_rate": 50.230923694779115,
    "underdog_rate": 8.002008032128515
  },
  "6p": {
    "balance_score": 7.74,
    "path_win_rates": {
      "勤劳道": 13.6,
      "土地道": 8.06,
      "文化道": 16.54,
      "布施道": 34.27,
      "福田道": 5.25,
      "渡化道": 22.29
    },
    "early_victory_rate": 63.11965811965812,
    "underdog_rate": 7.792022792022792
  }
}