{
  "4p": {
    "balance_score": 3.12,
    "path_win_rates": {
      "土地道": 25.5,
      "文化道": 18.77,
      "福田道": 28.45,
      "布施道": 27.28
    },
    "early_victory_rate": 65.32451923076923
  },
  "5p": {
    "balance_score": 4.61,
    "path_win_rates": {
      "勤劳道": 24.8,
      "土地道": 15.54,
      "福田道": 12.93,
      "文化道": 22.17,
      "布施道": 24.56
    },
    "early_victory_rate": 36.084337349397586
  },
  "6p": {
    "balance_score": 4.66,
    "path_win_rates": {
      "勤劳道": 25.76,
      "福田道": 12.28,
      "文化道": 21.46,
      "布施道": 8.87,
      "渡化道": 16.77,
      "土地道": 14.86
    },
    "early_victory_rate": 30.480769230769234
  }
}