{
  "base": {
    "total_games": 3000,
    "team_win_rate": 84.83333333333334,
    "calamity_failure_rate": 0.46666666666666673,
    "save_failure_rate": 14.7,
    "role_win_rates": {
      "农夫": 50.609037328094296,
      "学者": 12.652259332023574,
      "僧侣": 23.968565815324165,
      "商人": 12.770137524557956
    },
    "role_avg_scores": {
      "商人": 59.17366666666667,
      "僧侣": 58.81666666666667,
      "学者": 58.815666666666665,
      "农夫": 67.63
    },
    "faith_win_rates": {
      "小乘": 41.8860510805501,
      "不皈依": 18.467583497053045,
      "大乘": 39.646365422396855
    },
    "strategy_win_rates": {
      "平衡型": 32.69155206286837,
      "发愿导向": 37.79960707269156,
      "团队导向": 29.508840864440078
    },
    "vow_success_rates": {
      "大商人之心": 24.36241610738255,
      "阿罗汉果": 72.65563435776203,
      "传道授业": 61.38545953360768,
      "贫女一灯": 95.39776462853385,
      "财施功德": 82.8476821192053,
      "勤劳致福": 99.86477349560514,
      "菩萨道": 53.6106296938186,
      "万世师表": 46.82230869001297
    },
    "role_fu_sources": {
      "商人": {
        "vow": 0.0,
        "donate": 16.167666666666666,
        "save": 2.488,
        "events": 7.622333333333334,
        "skill": 0.626
      },
      "僧侣": {
        "vow": 3.46,
        "donate": 4.214,
        "save": 9.296666666666667,
        "events": 6.996333333333333,
        "skill": 0.0
      },
      "学者": {
        "vow": 0.0,
        "donate": 5.5,
        "save": 6.001666666666667,
        "events": 9.611,
        "skill": 1.3266666666666667
      },
      "农夫": {
        "vow": 5.992666666666667,
        "donate": 9.816666666666666,
        "save": 3.558333333333333,
        "events": 7.661,
        "skill": 0.5896666666666667
      }
    },
    "role_hui_sources": {
      "商人": {
        "practice": 3.058,
        "vow": 2.976,
        "events": 2.393666666666667
      },
      "僧侣": {
        "practice": 2.3733333333333335,
        "vow": 2.5326666666666666,
        "events": 2.5833333333333335
      },
      "学者": {
        "practice": 4.626333333333333,
        "vow": 5.992666666666667,
        "events": 1.8843333333333334
      },
      "农夫": {
        "practice": 2.797,
        "vow": 0.0,
        "events": 2.4243333333333332
      }
    },
    "combo_win_rates": {
      "商人+大乘": 16.9392523364486,
      "僧侣+小乘": 19.769989047097482,
      "学者+小乘": 8.760330578512397,
      "农夫+小乘": 41.86822351959967,
      "学者+不皈依": 9.988518943742825,
      "商人+不皈依": 9.140969162995596,
      "农夫+不皈依": 32.967032967032964,
      "僧侣+大乘": 21.20954003407155,
      "农夫+大乘": 54.54545454545454,
      "商人+小乘": 7.84789644012945,
      "学者+大乘": 14.036996735582155
    },
    "event_stats": {
      "disaster_count": 2.667,
      "blessing_count": 1.7986666666666666,
      "timeout_count": 1.174,
      "misfortune_count": 1.527
    }
  }
}