{
  "version": "v4.4",
  "total_games": 1000,
  "team_win_rate": 85.1,
  "avg_calamity": 7.659,
  "avg_saved": 5.992,
  "role_win_rates": {
    "学者": 8.225616921269095,
    "商人": 18.683901292596943,
    "僧侣": 12.45593419506463,
    "农夫": 60.634547591069335
  },
  "role_avg_scores": {
    "商人": 60.076,
    "僧侣": 55.07,
    "学者": 56.425,
    "农夫": 68.261
  },
  "faith_win_rates": {
    "不皈依": 27.84958871915394,
    "小乘": 33.84253819036428,
    "大乘": 38.307873090481785
  },
  "faith_avg_scores": {
    "不皈依": 61.50752508361204,
    "大乘": 59.125,
    "小乘": 59.43037974683544
  },
  "vow_success_rates": {
    "财施功德": 80.55555555555556,
    "阿罗汉果": 20.80808080808081,
    "万世师表": 12.5,
    "勤劳致福": 100.0,
    "菩萨道": 30.495049504950494,
    "传道授业": 49.8134328358209,
    "大商人之心": 26.411290322580644,
    "贫女一灯": 92.3076923076923
  }
}