{
  "100": {
    "total_games": 100,
    "role_win_rates": {
      "富商": 16.0,
      "地主": 5.0,
      "官员": 0.0,
      "农民": 0.0,
      "寡妇": 21.0,
      "僧侣": 57.99999999999999
    },
    "role_avg_scores": {
      "富商": 174.85,
      "地主": 172.78,
      "官员": 97.42,
      "农民": 138.42,
      "寡妇": 117.9,
      "僧侣": 183.57
    },
    "role_score_std": {
      "富商": 11.720388218826201,
      "地主": 8.48124990788504,
      "官员": 15.018774916750035,
      "农民": 21.83445900406053,
      "寡妇": 86.69400209933788,
      "僧侣": 8.016551627726226
    },
    "win_types": {
      "善财道": 16.0,
      "菩萨道": 17.0,
      "涅槃道": 57.99999999999999,
      "舍宅道": 5.0,
      "菩萨道（小成）": 4.0
    },
    "path_completions": {
      "富商": {
        "rate": 100.0,
        "paths": {
          "善财道": 100.0
        }
      },
      "地主": {
        "rate": 100.0,
        "paths": {
          "舍宅道": 100.0
        }
      },
      "官员": {
        "rate": 100.0,
        "paths": {
          "清官道（小成）": 83.0,
          "清官道": 17.0
        }
      },
      "农民": {
        "rate": 100.0,
        "paths": {
          "勤劳道（小成）": 52.0,
          "勤劳道": 48.0
        }
      },
      "寡妇": {
        "rate": 21.0,
        "paths": {
          "菩萨道": 17.0,
          "菩萨道（小成）": 4.0
        }
      },
      "僧侣": {
        "rate": 100.0,
        "paths": {
          "涅槃道": 100.0
        }
      }
    },
    "elapsed_seconds": 0.07
  },
  "1000": {
    "total_games": 1000,
    "role_win_rates": {
      "富商": 15.2,
      "地主": 5.2,
      "官员": 0.0,
      "农民": 0.5,
      "寡妇": 28.000000000000004,
      "僧侣": 51.1
    },
    "role_avg_scores": {
      "富商": 176.076,
      "地主": 174.164,
      "官员": 99.538,
      "农民": 141.87,
      "寡妇": 132.007,
      "僧侣": 182.235
    },
    "role_score_std": {
      "富商": 13.275549856785593,
      "地主": 9.723122132319434,
      "官员": 15.755778495523476,
      "农民": 20.971769119461523,
      "寡妇": 93.95396186963059,
      "僧侣": 8.544692797286512
    },
    "win_types": {
      "菩萨道": 22.7,
      "善财道": 15.2,
      "菩萨道（小成）": 5.3,
      "涅槃道": 51.1,
      "舍宅道": 5.2,
      "勤劳道": 0.5
    },
    "path_completions": {
      "富商": {
        "rate": 100.0,
        "paths": {
          "善财道": 100.0
        }
      },
      "地主": {
        "rate": 100.0,
        "paths": {
          "舍宅道": 100.0
        }
      },
      "官员": {
        "rate": 100.0,
        "paths": {
          "清官道（小成）": 88.1,
          "清官道": 11.899999999999999
        }
      },
      "农民": {
        "rate": 100.0,
        "paths": {
          "勤劳道": 49.3,
          "勤劳道（小成）": 50.7
        }
      },
      "寡妇": {
        "rate": 28.000000000000004,
        "paths": {
          "菩萨道": 22.7,
          "菩萨道（小成）": 5.3
        }
      },
      "僧侣": {
        "rate": 99.8,
        "paths": {
          "涅槃道": 99.8
        }
      }
    },
    "elapsed_seconds": 0.68
  },
  "10000": {
    "total_games": 10000,
    "role_win_rates": {
      "富商": 14.879999999999999,
      "地主": 5.65,
      "官员": 0.0,
      "农民": 0.7799999999999999,
      "寡妇": 27.150000000000002,
      "僧侣": 51.54
    },
    "role_avg_scores": {
      "富商": 175.6965,
      "地主": 174.0283,
      "官员": 99.2162,
      "农民": 140.5182,
      "寡妇": 130.8828,
      "僧侣": 182.108
    },
    "role_score_std": {
      "富商": 12.980423250033105,
      "地主": 9.417818171423782,
      "官员": 15.593538968431766,
      "农民": 21.26701363050299,
      "寡妇": 94.20886510387437,
      "僧侣": 8.593714912655644
    },
    "win_types": {
      "菩萨道": 22.38,
      "涅槃道": 51.54,
      "舍宅道": 5.65,
      "菩萨道（小成）": 4.77,
      "善财道": 14.879999999999999,
      "勤劳道": 0.7799999999999999
    },
    "path_completions": {
      "富商": {
        "rate": 100.0,
        "paths": {
          "善财道": 100.0
        }
      },
      "地主": {
        "rate": 100.0,
        "paths": {
          "舍宅道": 100.0
        }
      },
      "官员": {
        "rate": 100.0,
        "paths": {
          "清官道（小成）": 87.3,
          "清官道": 12.7
        }
      },
      "农民": {
        "rate": 100.0,
        "paths": {
          "勤劳道（小成）": 53.09,
          "勤劳道": 46.910000000000004
        }
      },
      "寡妇": {
        "rate": 27.169999999999998,
        "paths": {
          "菩萨道": 22.38,
          "菩萨道（小成）": 4.79
        }
      },
      "僧侣": {
        "rate": 99.8,
        "paths": {
          "涅槃道": 99.8
        }
      }
    },
    "elapsed_seconds": 9.01
  }
}