{
  "100": {
    "total_games": 100,
    "role_win_rates": {
      "皇帝": 0.0,
      "僧伽": 97.0,
      "护法": 0.0,
      "田主": 0.0,
      "士人": 0.0,
      "农人": 0.0,
      "虔信女": 3.0
    },
    "role_avg_scores": {
      "皇帝": 181.43,
      "僧伽": 249.2,
      "护法": 145.62,
      "田主": 175.03,
      "士人": 128.51,
      "农人": 155.25,
      "虔信女": 54.4
    },
    "role_score_std": {
      "皇帝": 17.502145582756416,
      "僧伽": 17.214528747543454,
      "护法": 12.758354125826733,
      "田主": 9.178730849088016,
      "士人": 15.707638269326168,
      "农人": 22.585116780747448,
      "虔信女": 89.81057844151768
    },
    "win_types": {
      "涅槃道": 97.0,
      "菩萨道": 3.0
    },
    "path_completions": {
      "皇帝": {
        "rate": 100.0,
        "paths": {
          "天命道": 100.0
        }
      },
      "僧伽": {
        "rate": 100.0,
        "paths": {
          "涅槃道": 100.0
        }
      },
      "护法": {
        "rate": 100.0,
        "paths": {
          "善财道": 100.0
        }
      },
      "田主": {
        "rate": 100.0,
        "paths": {
          "舍宅道": 100.0
        }
      },
      "士人": {
        "rate": 100.0,
        "paths": {
          "清名道（小成）": 93.0,
          "清名道": 7.000000000000001
        }
      },
      "农人": {
        "rate": 100.0,
        "paths": {
          "勤劳道": 80.0,
          "勤劳道（小成）": 20.0
        }
      },
      "虔信女": {
        "rate": 26.0,
        "paths": {
          "菩萨道（小成）": 19.0,
          "菩萨道": 7.000000000000001
        }
      }
    },
    "elapsed_seconds": 0.07
  },
  "1000": {
    "total_games": 1000,
    "role_win_rates": {
      "皇帝": 0.2,
      "僧伽": 97.7,
      "护法": 0.0,
      "田主": 0.0,
      "士人": 0.0,
      "农人": 0.0,
      "虔信女": 2.1
    },
    "role_avg_scores": {
      "皇帝": 184.022,
      "僧伽": 249.483,
      "护法": 147.899,
      "田主": 176.022,
      "士人": 128.21,
      "农人": 155.358,
      "虔信女": 58.076
    },
    "role_score_std": {
      "皇帝": 19.676623592476428,
      "僧伽": 15.939313379189205,
      "护法": 12.457961269806548,
      "田主": 9.369072312667887,
      "士人": 13.82331002329037,
      "农人": 20.61615473360636,
      "虔信女": 91.04372698873877
    },
    "win_types": {
      "涅槃道": 97.39999999999999,
      "菩萨道": 1.7999999999999998,
      "天命道": 0.2,
      "菩萨道（小成）": 0.3,
      "涅槃道（小成）": 0.3
    },
    "path_completions": {
      "皇帝": {
        "rate": 100.0,
        "paths": {
          "天命道": 100.0
        }
      },
      "僧伽": {
        "rate": 100.0,
        "paths": {
          "涅槃道": 99.7,
          "涅槃道（小成）": 0.3
        }
      },
      "护法": {
        "rate": 100.0,
        "paths": {
          "善财道": 100.0
        }
      },
      "田主": {
        "rate": 100.0,
        "paths": {
          "舍宅道": 100.0
        }
      },
      "士人": {
        "rate": 100.0,
        "paths": {
          "清名道（小成）": 93.4,
          "清名道": 6.6000000000000005
        }
      },
      "农人": {
        "rate": 100.0,
        "paths": {
          "勤劳道": 77.7,
          "勤劳道（小成）": 22.3
        }
      },
      "虔信女": {
        "rate": 27.700000000000003,
        "paths": {
          "菩萨道（小成）": 22.3,
          "菩萨道": 5.4
        }
      }
    },
    "elapsed_seconds": 0.78
  },
  "10000": {
    "total_games": 10000,
    "role_win_rates": {
      "皇帝": 0.13999999999999999,
      "僧伽": 97.68,
      "护法": 0.01,
      "田主": 0.0,
      "士人": 0.0,
      "农人": 0.01,
      "虔信女": 2.16
    },
    "role_avg_scores": {
      "皇帝": 182.827,
      "僧伽": 249.9557,
      "护法": 147.7872,
      "田主": 175.6921,
      "士人": 128.1699,
      "农人": 156.6962,
      "虔信女": 55.7198
    },
    "role_score_std": {
      "皇帝": 19.62913831526998,
      "僧伽": 15.743612594001416,
      "护法": 11.912334622566643,
      "田主": 9.57504556594902,
      "士人": 14.231473359775508,
      "农人": 20.32497738153723,
      "虔信女": 90.46442443281227
    },
    "win_types": {
      "涅槃道": 97.37,
      "菩萨道": 1.96,
      "涅槃道（小成）": 0.31,
      "菩萨道（小成）": 0.2,
      "天命道": 0.13999999999999999,
      "勤劳道": 0.01,
      "善财道": 0.01
    },
    "path_completions": {
      "皇帝": {
        "rate": 100.0,
        "paths": {
          "天命道": 100.0
        }
      },
      "僧伽": {
        "rate": 100.0,
        "paths": {
          "涅槃道": 99.64,
          "涅槃道（小成）": 0.36
        }
      },
      "护法": {
        "rate": 100.0,
        "paths": {
          "善财道": 100.0
        }
      },
      "田主": {
        "rate": 100.0,
        "paths": {
          "舍宅道": 100.0
        }
      },
      "士人": {
        "rate": 100.0,
        "paths": {
          "清名道（小成）": 92.71000000000001,
          "清名道": 7.290000000000001
        }
      },
      "农人": {
        "rate": 100.0,
        "paths": {
          "勤劳道": 79.14999999999999,
          "勤劳道（小成）": 20.849999999999998
        }
      },
      "虔信女": {
        "rate": 26.38,
        "paths": {
          "菩萨道（小成）": 20.07,
          "菩萨道": 6.3100000000000005
        }
      }
    },
    "elapsed_seconds": 9.7
  }
}