{
  "100": {
    "total_games": 100,
    "role_win_rates": {
      "富商": 0.0,
      "地主": 0.0,
      "官员": 72.0,
      "农民": 23.0,
      "寡妇": 0.0,
      "僧侣": 5.0
    },
    "role_avg_scores": {
      "富商": 39.26,
      "地主": 72.78,
      "官员": 104.49,
      "农民": 87.41,
      "寡妇": 31.44,
      "僧侣": 88.34
    },
    "role_score_std": {
      "富商": 12.966587831808335,
      "地主": 5.884861935508767,
      "官员": 12.117338816753454,
      "农民": 15.626320744180314,
      "寡妇": 5.06027667227791,
      "僧侣": 3.335326071016146
    },
    "win_types": {
      "勤劳道": 23.0,
      "standard": 72.0,
      "涅槃道": 5.0
    },
    "path_completions": {
      "富商": {
        "rate": 14.000000000000002,
        "paths": {
          "善财道（小成）": 14.000000000000002
        }
      },
      "地主": {
        "rate": 100.0,
        "paths": {
          "舍宅道（小成）": 100.0
        }
      },
      "官员": {
        "rate": 0.0,
        "paths": {}
      },
      "农民": {
        "rate": 100.0,
        "paths": {
          "勤劳道": 43.0,
          "勤劳道（小成）": 56.99999999999999
        }
      },
      "寡妇": {
        "rate": 0.0,
        "paths": {}
      },
      "僧侣": {
        "rate": 100.0,
        "paths": {
          "涅槃道": 100.0
        }
      }
    },
    "elapsed_seconds": 0.04
  },
  "1000": {
    "total_games": 1000,
    "role_win_rates": {
      "富商": 0.0,
      "地主": 0.0,
      "官员": 76.5,
      "农民": 21.0,
      "寡妇": 0.4,
      "僧侣": 2.1
    },
    "role_avg_scores": {
      "富商": 40.665,
      "地主": 73.805,
      "官员": 107.157,
      "农民": 88.264,
      "寡妇": 32.62,
      "僧侣": 88.104
    },
    "role_score_std": {
      "富商": 13.730213945893196,
      "地主": 5.513707917545143,
      "官员": 11.844676061421012,
      "农民": 16.449446920793417,
      "寡妇": 9.877631295001853,
      "僧侣": 3.464849780293512
    },
    "win_types": {
      "standard": 76.5,
      "勤劳道": 20.9,
      "菩萨道（小成）": 0.2,
      "涅槃道": 2.1,
      "勤劳道（小成）": 0.1,
      "菩萨道": 0.2
    },
    "path_completions": {
      "富商": {
        "rate": 15.1,
        "paths": {
          "善财道（小成）": 14.099999999999998,
          "善财道": 1.0
        }
      },
      "地主": {
        "rate": 100.0,
        "paths": {
          "舍宅道（小成）": 100.0
        }
      },
      "官员": {
        "rate": 0.0,
        "paths": {}
      },
      "农民": {
        "rate": 100.0,
        "paths": {
          "勤劳道（小成）": 56.49999999999999,
          "勤劳道": 43.5
        }
      },
      "寡妇": {
        "rate": 2.6,
        "paths": {
          "菩萨道（小成）": 2.3,
          "菩萨道": 0.3
        }
      },
      "僧侣": {
        "rate": 100.0,
        "paths": {
          "涅槃道": 100.0
        }
      }
    },
    "elapsed_seconds": 0.41
  },
  "10000": {
    "total_games": 10000,
    "role_win_rates": {
      "富商": 0.03,
      "地主": 0.0,
      "官员": 75.79,
      "农民": 21.060000000000002,
      "寡妇": 0.13999999999999999,
      "僧侣": 2.98
    },
    "role_avg_scores": {
      "富商": 40.5757,
      "地主": 73.9975,
      "官员": 106.6242,
      "农民": 87.6886,
      "寡妇": 32.1256,
      "僧侣": 88.1624
    },
    "role_score_std": {
      "富商": 13.806580659598522,
      "地主": 5.675428948546532,
      "官员": 12.122242959122705,
      "农民": 16.37219075261463,
      "寡妇": 8.240681078648779,
      "僧侣": 3.4682598287902247
    },
    "win_types": {
      "勤劳道": 20.93,
      "standard": 75.79,
      "涅槃道": 2.98,
      "勤劳道（小成）": 0.13,
      "菩萨道": 0.12,
      "菩萨道（小成）": 0.02,
      "善财道": 0.03
    },
    "path_completions": {
      "富商": {
        "rate": 14.39,
        "paths": {
          "善财道（小成）": 13.13,
          "善财道": 1.26
        }
      },
      "地主": {
        "rate": 100.0,
        "paths": {
          "舍宅道（小成）": 100.0
        }
      },
      "官员": {
        "rate": 0.0,
        "paths": {}
      },
      "农民": {
        "rate": 99.99,
        "paths": {
          "勤劳道": 42.870000000000005,
          "勤劳道（小成）": 57.120000000000005
        }
      },
      "寡妇": {
        "rate": 1.54,
        "paths": {
          "菩萨道（小成）": 1.38,
          "菩萨道": 0.16
        }
      },
      "僧侣": {
        "rate": 99.97,
        "paths": {
          "涅槃道": 99.97
        }
      }
    },
    "elapsed_seconds": 6.54
  }
}