{
  "100": {
    "total_games": 100,
    "role_win_rates": {
      "富商": 0.0,
      "地主": 51.0,
      "官员": 6.0,
      "农民": 21.0,
      "寡妇": 22.0,
      "僧侣": 0.0
    },
    "role_avg_scores": {
      "富商": 153.32,
      "地主": 186.0,
      "官员": 160.65,
      "农民": 171.39,
      "寡妇": 113.01,
      "僧侣": 120.52
    },
    "role_score_std": {
      "富商": 11.707160202201045,
      "地主": 11.124747188138704,
      "官员": 19.16004958239931,
      "农民": 20.02393318007229,
      "寡妇": 63.45982902592789,
      "僧侣": 5.244959485067544
    },
    "win_types": {
      "勤劳道": 21.0,
      "舍宅道": 51.0,
      "菩萨道": 19.0,
      "菩萨道（小成）": 3.0,
      "清官道（小成）": 1.0,
      "清官道": 5.0
    },
    "path_completions": {
      "富商": {
        "rate": 100.0,
        "paths": {
          "善财道": 100.0
        }
      },
      "地主": {
        "rate": 100.0,
        "paths": {
          "舍宅道": 100.0
        }
      },
      "官员": {
        "rate": 100.0,
        "paths": {
          "清官道（小成）": 66.0,
          "清官道": 34.0
        }
      },
      "农民": {
        "rate": 100.0,
        "paths": {
          "勤劳道": 74.0,
          "勤劳道（小成）": 26.0
        }
      },
      "寡妇": {
        "rate": 27.0,
        "paths": {
          "菩萨道": 19.0,
          "菩萨道（小成）": 8.0
        }
      },
      "僧侣": {
        "rate": 100.0,
        "paths": {
          "涅槃道": 100.0
        }
      }
    },
    "elapsed_seconds": 0.07
  },
  "1000": {
    "total_games": 1000,
    "role_win_rates": {
      "富商": 0.1,
      "地主": 53.6,
      "官员": 4.2,
      "农民": 18.4,
      "寡妇": 23.7,
      "僧侣": 0.0
    },
    "role_avg_scores": {
      "富商": 155.011,
      "地主": 186.312,
      "官员": 161.721,
      "农民": 170.55,
      "寡妇": 115.421,
      "僧侣": 120.686
    },
    "role_score_std": {
      "富商": 11.465813490546582,
      "地主": 11.120371216825452,
      "官员": 18.460854774359717,
      "农民": 20.822619912009152,
      "寡妇": 63.73017934228649,
      "僧侣": 5.631820664758423
    },
    "win_types": {
      "菩萨道": 21.9,
      "勤劳道": 18.3,
      "舍宅道": 53.6,
      "菩萨道（小成）": 1.7999999999999998,
      "清官道": 2.8000000000000003,
      "勤劳道（小成）": 0.1,
      "清官道（小成）": 1.4000000000000001,
      "善财道": 0.1
    },
    "path_completions": {
      "富商": {
        "rate": 100.0,
        "paths": {
          "善财道": 100.0
        }
      },
      "地主": {
        "rate": 100.0,
        "paths": {
          "舍宅道": 100.0
        }
      },
      "官员": {
        "rate": 100.0,
        "paths": {
          "清官道": 34.9,
          "清官道（小成）": 65.10000000000001
        }
      },
      "农民": {
        "rate": 100.0,
        "paths": {
          "勤劳道（小成）": 27.500000000000004,
          "勤劳道": 72.5
        }
      },
      "寡妇": {
        "rate": 29.099999999999998,
        "paths": {
          "菩萨道": 23.3,
          "菩萨道（小成）": 5.800000000000001
        }
      },
      "僧侣": {
        "rate": 99.9,
        "paths": {
          "涅槃道": 99.9
        }
      }
    },
    "elapsed_seconds": 0.74
  },
  "10000": {
    "total_games": 10000,
    "role_win_rates": {
      "富商": 0.06,
      "地主": 54.17999999999999,
      "官员": 4.55,
      "农民": 18.12,
      "寡妇": 23.09,
      "僧侣": 0.0
    },
    "role_avg_scores": {
      "富商": 154.5636,
      "地主": 186.2453,
      "官员": 161.8939,
      "农民": 170.0128,
      "寡妇": 114.3414,
      "僧侣": 120.6133
    },
    "role_score_std": {
      "富商": 11.959872701663677,
      "地主": 11.216859092901185,
      "官员": 18.821143503783183,
      "农民": 20.820303459844194,
      "寡妇": 64.4416716577092,
      "僧侣": 6.047045816760445
    },
    "win_types": {
      "勤劳道": 18.029999999999998,
      "舍宅道": 54.17999999999999,
      "菩萨道": 21.38,
      "清官道": 2.93,
      "清官道（小成）": 1.6199999999999999,
      "菩萨道（小成）": 1.71,
      "勤劳道（小成）": 0.09,
      "善财道": 0.06
    },
    "path_completions": {
      "富商": {
        "rate": 100.0,
        "paths": {
          "善财道": 100.0
        }
      },
      "地主": {
        "rate": 100.0,
        "paths": {
          "舍宅道": 100.0
        }
      },
      "官员": {
        "rate": 100.0,
        "paths": {
          "清官道（小成）": 63.3,
          "清官道": 36.7
        }
      },
      "农民": {
        "rate": 100.0,
        "paths": {
          "勤劳道": 70.82000000000001,
          "勤劳道（小成）": 29.18
        }
      },
      "寡妇": {
        "rate": 27.889999999999997,
        "paths": {
          "菩萨道": 22.85,
          "菩萨道（小成）": 5.04
        }
      },
      "僧侣": {
        "rate": 99.68,
        "paths": {
          "涅槃道": 99.68
        }
      }
    },
    "elapsed_seconds": 9.5
  }
}