{
  "100": {
    "total_games": 100,
    "role_win_rates": {
      "富商": 0.0,
      "地主": 11.0,
      "官员": 80.0,
      "农民": 7.000000000000001,
      "寡妇": 2.0,
      "僧侣": 0.0
    },
    "role_avg_scores": {
      "富商": 121.54,
      "地主": 146.41,
      "官员": 175.87,
      "农民": 129.81,
      "寡妇": 65.85,
      "僧侣": 102.69
    },
    "role_score_std": {
      "富商": 11.142190089923973,
      "地主": 7.748670853765825,
      "官员": 20.652193588091315,
      "农民": 20.54151649708463,
      "寡妇": 27.42603689926782,
      "僧侣": 4.793109637802999
    },
    "win_types": {
      "清官道（小成）": 28.000000000000004,
      "勤劳道": 7.000000000000001,
      "舍宅道": 11.0,
      "清官道": 52.0,
      "菩萨道（小成）": 2.0
    },
    "path_completions": {
      "富商": {
        "rate": 100.0,
        "paths": {
          "善财道": 100.0
        }
      },
      "地主": {
        "rate": 100.0,
        "paths": {
          "舍宅道": 100.0
        }
      },
      "官员": {
        "rate": 100.0,
        "paths": {
          "清官道（小成）": 30.0,
          "清官道": 70.0
        }
      },
      "农民": {
        "rate": 100.0,
        "paths": {
          "勤劳道": 48.0,
          "勤劳道（小成）": 52.0
        }
      },
      "寡妇": {
        "rate": 9.0,
        "paths": {
          "菩萨道（小成）": 9.0
        }
      },
      "僧侣": {
        "rate": 100.0,
        "paths": {
          "涅槃道": 100.0
        }
      }
    },
    "elapsed_seconds": 0.06
  },
  "1000": {
    "total_games": 1000,
    "role_win_rates": {
      "富商": 0.0,
      "地主": 6.6000000000000005,
      "官员": 85.2,
      "农民": 6.7,
      "寡妇": 1.5,
      "僧侣": 0.0
    },
    "role_avg_scores": {
      "富商": 120.844,
      "地主": 145.525,
      "官员": 175.478,
      "农民": 130.586,
      "寡妇": 64.625,
      "僧侣": 102.967
    },
    "role_score_std": {
      "富商": 11.039549990828432,
      "地主": 7.814177819834918,
      "官员": 20.69104917591179,
      "农民": 20.788761483070605,
      "寡妇": 27.494806327741244,
      "僧侣": 5.388312444541426
    },
    "win_types": {
      "清官道": 64.2,
      "清官道（小成）": 21.0,
      "勤劳道": 6.6000000000000005,
      "舍宅道": 6.6000000000000005,
      "菩萨道": 1.0,
      "菩萨道（小成）": 0.5,
      "勤劳道（小成）": 0.1
    },
    "path_completions": {
      "富商": {
        "rate": 100.0,
        "paths": {
          "善财道": 100.0
        }
      },
      "地主": {
        "rate": 100.0,
        "paths": {
          "舍宅道": 100.0
        }
      },
      "官员": {
        "rate": 100.0,
        "paths": {
          "清官道": 78.2,
          "清官道（小成）": 21.8
        }
      },
      "农民": {
        "rate": 100.0,
        "paths": {
          "勤劳道（小成）": 54.800000000000004,
          "勤劳道": 45.2
        }
      },
      "寡妇": {
        "rate": 8.6,
        "paths": {
          "菩萨道（小成）": 7.3999999999999995,
          "菩萨道": 1.2
        }
      },
      "僧侣": {
        "rate": 99.8,
        "paths": {
          "涅槃道": 99.8
        }
      }
    },
    "elapsed_seconds": 0.64
  },
  "10000": {
    "total_games": 10000,
    "role_win_rates": {
      "富商": 0.02,
      "地主": 6.09,
      "官员": 87.36,
      "农民": 5.34,
      "寡妇": 1.1900000000000002,
      "僧侣": 0.0
    },
    "role_avg_scores": {
      "富商": 121.0127,
      "地主": 145.6228,
      "官员": 176.4102,
      "农民": 130.4335,
      "寡妇": 64.2838,
      "僧侣": 102.8876
    },
    "role_score_std": {
      "富商": 10.99841528175764,
      "地主": 7.922494566738433,
      "官员": 20.219221942498184,
      "农民": 20.442817265484717,
      "寡妇": 26.758595956439866,
      "僧侣": 5.202150155464565
    },
    "win_types": {
      "清官道": 63.65,
      "清官道（小成）": 23.71,
      "舍宅道": 6.09,
      "勤劳道": 5.18,
      "菩萨道": 0.7799999999999999,
      "菩萨道（小成）": 0.41000000000000003,
      "善财道": 0.02,
      "勤劳道（小成）": 0.16
    },
    "path_completions": {
      "富商": {
        "rate": 100.0,
        "paths": {
          "善财道": 100.0
        }
      },
      "地主": {
        "rate": 100.0,
        "paths": {
          "舍宅道": 100.0
        }
      },
      "官员": {
        "rate": 100.0,
        "paths": {
          "清官道": 75.82,
          "清官道（小成）": 24.18
        }
      },
      "农民": {
        "rate": 100.0,
        "paths": {
          "勤劳道（小成）": 55.17999999999999,
          "勤劳道": 44.82
        }
      },
      "寡妇": {
        "rate": 7.6,
        "paths": {
          "菩萨道（小成）": 6.6000000000000005,
          "菩萨道": 1.0
        }
      },
      "僧侣": {
        "rate": 99.83999999999999,
        "paths": {
          "涅槃道": 99.83999999999999
        }
      }
    },
    "elapsed_seconds": 8.7
  }
}