{
  "v52_final": {
    "team_win_rate": 0.7803333333333333,
    "avg_calamity_margin": 11.921666666666667,
    "tight_games": 0.0,
    "role_win_rates": {
      "农夫": 0.5254164886800513,
      "商人": 0.44980777445536096,
      "僧侣": 0.4737291755659974,
      "学者": 0.4425459205467749
    },
    "vow_rates": {
      "勤劳致功德": 0.9849694692343823,
      "资施功德": 0.806359753203607,
      "传道授业": 0.6909177365668093,
      "阿罗汉果": 0.7555023923444976,
      "菩萨道": 0.7703296703296704,
      "万世师表": 0.673355629877369,
      "贫女一灯": 0.6727898966704937,
      "大商人之心": 0.6573348264277715
    }
  }
}