{
  "4p": {
    "balance_score": 8.63,
    "path_win_rates": {
      "文化道": 17.68,
      "土地道": 36.58,
      "福田道": 30.68,
      "布施道": 15.06
    },
    "early_victory_rate": 52.77443910256411,
    "underdog_rate": 11.373197115384617
  },
  "5p": {
    "balance_score": 6.39,
    "path_win_rates": {
      "文化道": 19.49,
      "勤劳道": 24.24,
      "土地道": 31.73,
      "福田道": 6.9,
      "布施道": 17.65
    },
    "early_victory_rate": 34.17670682730924,
    "underdog_rate": 10.204149933065596
  },
  "6p": {
    "balance_score": 4.09,
    "path_win_rates": {
      "勤劳道": 19.64,
      "福田道": 5.45,
      "土地道": 22.8,
      "布施道": 16.19,
      "渡化道": 19.84,
      "文化道": 16.09
    },
    "early_victory_rate": 46.6025641025641,
    "underdog_rate": 9.266381766381766
  }
}