{
  "4p": {
    "balance_score": 8.65,
    "path_win_rates": {
      "土地道": 22.1,
      "文化道": 23.97,
      "福田道": 42.31,
      "布施道": 11.63
    },
    "early_victory_rate": 46.4443108974359
  },
  "5p": {
    "balance_score": 6.64,
    "path_win_rates": {
      "土地道": 18.91,
      "福田道": 15.76,
      "文化道": 23.36,
      "布施道": 8.72,
      "勤劳道": 33.24
    },
    "early_victory_rate": 19.076305220883537
  },
  "6p": {
    "balance_score": 6.95,
    "path_win_rates": {
      "勤劳道": 22.91,
      "福田道": 10.28,
      "渡化道": 28.37,
      "布施道": 6.57,
      "土地道": 12.32,
      "文化道": 19.56
    },
    "early_victory_rate": 39.08119658119658
  }
}