{
  "4p": {
    "balance_score": 6.58,
    "path_win_rates": {
      "土地道": 15.55,
      "福田道": 37.62,
      "文化道": 21.29,
      "布施道": 25.53
    },
    "early_victory_rate": 63.87219551282052
  },
  "5p": {
    "balance_score": 5.74,
    "path_win_rates": {
      "文化道": 22.66,
      "布施道": 31.69,
      "土地道": 16.17,
      "勤劳道": 16.74,
      "福田道": 12.74
    },
    "early_victory_rate": 43.48393574297189
  },
  "6p": {
    "balance_score": 5.73,
    "path_win_rates": {
      "福田道": 9.05,
      "布施道": 28.85,
      "文化道": 19.13,
      "勤劳道": 12.23,
      "渡化道": 19.2,
      "土地道": 11.54
    },
    "early_victory_rate": 54.49786324786324
  }
}