{
  "4p": {
    "balance_score": 3.74,
    "path_win_rates": {
      "土地道": 25.84,
      "布施道": 26.99,
      "福田道": 29.65,
      "文化道": 17.52
    },
    "early_victory_rate": 64.91386217948718
  },
  "5p": {
    "balance_score": 6.8,
    "path_win_rates": {
      "勤劳道": 24.99,
      "文化道": 22.08,
      "土地道": 14.39,
      "布施道": 29.94,
      "福田道": 8.6
    },
    "early_victory_rate": 42.459839357429715
  },
  "6p": {
    "balance_score": 5.15,
    "path_win_rates": {
      "土地道": 11.75,
      "文化道": 19.74,
      "福田道": 6.13,
      "勤劳道": 23.38,
      "布施道": 22.01,
      "渡化道": 16.99
    },
    "early_victory_rate": 45.822649572649574
  }
}