{
  "4p": {
    "balance_score": 14.85,
    "path_win_rates": {
      "土地道": 5.34,
      "福田道": 47.35,
      "布施道": 32.34,
      "文化道": 14.97
    },
    "early_victory_rate": 83.49358974358975,
    "ascension_rates": {
      "土地道": 63.53,
      "福田道": 68.48,
      "布施道": 48.87,
      "文化道": 63.47
    }
  },
  "5p": {
    "balance_score": 11.04,
    "path_win_rates": {
      "土地道": 7.57,
      "勤劳道": 8.88,
      "布施道": 47.61,
      "福田道": 19.36,
      "文化道": 16.59
    },
    "early_victory_rate": 67.8714859437751,
    "ascension_rates": {
      "土地道": 70.8,
      "勤劳道": 62.56,
      "布施道": 59.37,
      "福田道": 69.66,
      "文化道": 69.11
    }
  },
  "6p": {
    "balance_score": 13.52,
    "path_win_rates": {
      "布施道": 34.84,
      "勤劳道": 3.38,
      "土地道": 3.48,
      "文化道": 10.15,
      "渡化道": 39.04,
      "福田道": 9.11
    },
    "early_victory_rate": 84.23076923076923,
    "ascension_rates": {
      "布施道": 52.96,
      "勤劳道": 58.53,
      "土地道": 66.18,
      "文化道": 60.92,
      "渡化道": 78.91,
      "福田道": 65.64
    }
  }
}