{
  "4p": {
    "balance_score": 4.04,
    "path_win_rates": {
      "布施道": 25.09,
      "福田道": 26.92,
      "土地道": 31.06,
      "文化道": 16.93
    },
    "early_victory_rate": 60.20633012820513,
    "underdog_rate": 12.274639423076923
  },
  "5p": {
    "balance_score": 7.02,
    "path_win_rates": {
      "勤劳道": 18.38,
      "土地道": 27.89,
      "福田道": 5.39,
      "文化道": 18.68,
      "布施道": 29.65
    },
    "early_victory_rate": 45.411646586345384,
    "underdog_rate": 10.538821954484606
  },
  "6p": {
    "balance_score": 4.98,
    "path_win_rates": {
      "勤劳道": 14.48,
      "土地道": 19.59,
      "渡化道": 19.19,
      "文化道": 16.63,
      "福田道": 3.95,
      "布施道": 26.15
    },
    "early_victory_rate": 56.720085470085465,
    "underdog_rate": 8.796296296296296
  }
}