{
  "4p": {
    "balance_score": 5.05,
    "path_win_rates": {
      "土地道": 25.0,
      "布施道": 21.72,
      "文化道": 18.19,
      "福田道": 35.09
    },
    "early_victory_rate": 64.29286858974359
  },
  "5p": {
    "balance_score": 8.12,
    "path_win_rates": {
      "福田道": 9.62,
      "土地道": 30.5,
      "文化道": 19.93,
      "布施道": 29.81,
      "勤劳道": 10.14
    },
    "early_victory_rate": 44.28714859437751
  },
  "6p": {
    "balance_score": 8.01,
    "path_win_rates": {
      "土地道": 27.43,
      "文化道": 17.56,
      "福田道": 7.77,
      "勤劳道": 10.26,
      "布施道": 29.04,
      "渡化道": 7.95
    },
    "early_victory_rate": 46.88034188034188
  }
}