{
  "100": {
    "total_games": 100,
    "role_win_rates": {
      "富商": 9.0,
      "地主": 0.0,
      "官员": 24.0,
      "农民": 9.0,
      "寡妇": 24.0,
      "僧侣": 34.0
    },
    "role_avg_scores": {
      "富商": 172.11,
      "地主": 148.72,
      "官员": 178.13,
      "农民": 166.59,
      "寡妇": 118.14,
      "僧侣": 181.05
    },
    "role_score_std": {
      "富商": 11.698628124699066,
      "地主": 9.518487274772184,
      "官员": 17.92855543539412,
      "农民": 18.105300328909212,
      "寡妇": 63.7432380727556,
      "僧侣": 8.60508570555808
    },
    "win_types": {
      "涅槃道": 34.0,
      "清官道": 10.0,
      "勤劳道": 9.0,
      "菩萨道": 24.0,
      "清官道（小成）": 14.000000000000002,
      "善财道": 9.0
    },
    "path_completions": {
      "富商": {
        "rate": 100.0,
        "paths": {
          "善财道": 100.0
        }
      },
      "地主": {
        "rate": 100.0,
        "paths": {
          "舍宅道": 100.0
        }
      },
      "官员": {
        "rate": 100.0,
        "paths": {
          "清官道": 43.0,
          "清官道（小成）": 56.99999999999999
        }
      },
      "农民": {
        "rate": 100.0,
        "paths": {
          "勤劳道": 74.0,
          "勤劳道（小成）": 26.0
        }
      },
      "寡妇": {
        "rate": 31.0,
        "paths": {
          "菩萨道": 28.999999999999996,
          "菩萨道（小成）": 2.0
        }
      },
      "僧侣": {
        "rate": 100.0,
        "paths": {
          "涅槃道": 100.0
        }
      }
    },
    "elapsed_seconds": 0.08
  },
  "1000": {
    "total_games": 1000,
    "role_win_rates": {
      "富商": 8.1,
      "地主": 0.0,
      "官员": 27.700000000000003,
      "农民": 10.0,
      "寡妇": 22.900000000000002,
      "僧侣": 31.3
    },
    "role_avg_scores": {
      "富商": 171.823,
      "地主": 148.499,
      "官员": 178.946,
      "农民": 164.159,
      "寡妇": 114.999,
      "僧侣": 179.119
    },
    "role_score_std": {
      "富商": 12.73654862982904,
      "地主": 10.206174552691131,
      "官员": 19.794723640404783,
      "农民": 20.73411968230144,
      "寡妇": 63.81989500931508,
      "僧侣": 8.291612569337765
    },
    "win_types": {
      "涅槃道": 31.3,
      "勤劳道": 10.0,
      "菩萨道": 21.099999999999998,
      "善财道": 8.1,
      "清官道": 12.7,
      "清官道（小成）": 15.0,
      "菩萨道（小成）": 1.7999999999999998
    },
    "path_completions": {
      "富商": {
        "rate": 100.0,
        "paths": {
          "善财道": 100.0
        }
      },
      "地主": {
        "rate": 100.0,
        "paths": {
          "舍宅道": 100.0
        }
      },
      "官员": {
        "rate": 100.0,
        "paths": {
          "清官道": 38.5,
          "清官道（小成）": 61.5
        }
      },
      "农民": {
        "rate": 100.0,
        "paths": {
          "勤劳道": 70.0,
          "勤劳道（小成）": 30.0
        }
      },
      "寡妇": {
        "rate": 29.099999999999998,
        "paths": {
          "菩萨道": 23.0,
          "菩萨道（小成）": 6.1
        }
      },
      "僧侣": {
        "rate": 100.0,
        "paths": {
          "涅槃道": 100.0
        }
      }
    },
    "elapsed_seconds": 0.87
  },
  "10000": {
    "total_games": 10000,
    "role_win_rates": {
      "富商": 8.780000000000001,
      "地主": 0.02,
      "官员": 25.740000000000002,
      "农民": 10.43,
      "寡妇": 20.89,
      "僧侣": 34.14
    },
    "role_avg_scores": {
      "富商": 171.9207,
      "地主": 148.5697,
      "官员": 177.5794,
      "农民": 164.1699,
      "寡妇": 111.9172,
      "僧侣": 179.0116
    },
    "role_score_std": {
      "富商": 12.605824507345801,
      "地主": 10.20134020165978,
      "官员": 19.896992125444488,
      "农民": 19.91620028996495,
      "寡妇": 62.351900886500644,
      "僧侣": 8.850529105087446
    },
    "win_types": {
      "善财道": 8.780000000000001,
      "涅槃道": 34.14,
      "菩萨道": 19.580000000000002,
      "清官道": 10.63,
      "勤劳道": 10.41,
      "清官道（小成）": 15.110000000000001,
      "菩萨道（小成）": 1.31,
      "勤劳道（小成）": 0.02,
      "舍宅道": 0.02
    },
    "path_completions": {
      "富商": {
        "rate": 100.0,
        "paths": {
          "善财道": 100.0
        }
      },
      "地主": {
        "rate": 100.0,
        "paths": {
          "舍宅道": 100.0
        }
      },
      "官员": {
        "rate": 100.0,
        "paths": {
          "清官道（小成）": 63.06,
          "清官道": 36.94
        }
      },
      "农民": {
        "rate": 100.0,
        "paths": {
          "勤劳道": 71.34,
          "勤劳道（小成）": 28.660000000000004
        }
      },
      "寡妇": {
        "rate": 26.529999999999998,
        "paths": {
          "菩萨道": 21.790000000000003,
          "菩萨道（小成）": 4.74
        }
      },
      "僧侣": {
        "rate": 99.72999999999999,
        "paths": {
          "涅槃道": 99.72999999999999
        }
      }
    },
    "elapsed_seconds": 10.56
  }
}